{
  "Records": [
    {
      "eventID": "cf8103099e8f6d56b9c2748cb4cc57f2",
      "eventName": "INSERT",
      "eventVersion": "1.1",
      "eventSource": "aws:dynamodb",
      "awsRegion": "us-east-1",
      "dynamodb": {
        "ApproximateCreationDateTime": 1658927610,
        "Keys": {
          "SK": {
            "S": "completedstats"
          },
          "PK": {
            "S": "proc-1658927465405"
          }
        },
        "NewImage": {
          "stats": {
            "S": "{\"0\":{\"min_val\":11.580505771715988,\"max_val\":993.7835936612151,\"median_val\":508.12583655120847,\"stddev_val\":272.5805336667791,\"name\":\"temperature_0\"},\"1\":{\"min_val\":2.3470277339194823,\"max_val\":990.1242072051939,\"median_val\":577.0271758809617,\"stddev_val\":283.3935601640823,\"name\":\"temperature_1\"},\"2\":{\"min_val\":1.2367701922748608,\"max_val\":995.6142282445801,\"median_val\":477.61158495848343,\"stddev_val\":300.83419442055464,\"name\":\"temperature_2\"},\"3\":{\"min_val\":0.29471397546942946,\"max_val\":98.65707999381202,\"median_val\":61.90845577296151,\"stddev_val\":28.091418545193264,\"name\":\"pressure_0\"},\"4\":{\"min_val\":0.10350881115652744,\"max_val\":99.30705343184485,\"median_val\":60.00356805737581,\"stddev_val\":30.54330379391793,\"name\":\"pressure_1\"},\"5\":{\"min_val\":0.04925108896247643,\"max_val\":99.40393102649077,\"median_val\":54.41015959430244,\"stddev_val\":29.18955211720026,\"name\":\"pressure_2\"},\"6\":{\"min_val\":0.28128129937834423,\"max_val\":99.47149174173924,\"median_val\":49.652868574087435,\"stddev_val\":28.371030492881953,\"name\":\"pressure_3\"},\"7\":{\"min_val\":0.3729167421395063,\"max_val\":98.88563310054124,\"median_val\":51.83791684087231,\"stddev_val\":27.019196157261593,\"name\":\"pressure_4\"},\"8\":{\"min_val\":3.296667013488852,\"max_val\":94.89307231476151,\"median_val\":48.98911358929929,\"stddev_val\":27.29598020152063,\"name\":\"humidity_0\"},\"9\":{\"min_val\":0.2293922767708123,\"max_val\":99.60863023845874,\"median_val\":53.847302564280696,\"stddev_val\":30.004767237207613,\"name\":\"humidity_1\"},\"10\":{\"min_val\":0.7485848010116314,\"max_val\":99.49265567790067,\"median_val\":43.52680202114843,\"stddev_val\":30.752250440068007,\"name\":\"humidity_2\"},\"11\":{\"min_val\":1.93249867259222,\"max_val\":99.64109007526429,\"median_val\":56.093481701604645,\"stddev_val\":30.506656501436975,\"name\":\"humidity_3\"},\"12\":{\"min_val\":0.30156131505547634,\"max_val\":99.21959876348363,\"median_val\":53.07684219756934,\"stddev_val\":30.33483201344981,\"name\":\"humidity_4\"}}"
          },
          "SK": {
            "S": "completedstats"
          },
          "PK": {
            "S": "proc-1658927465405"
          },
          "GSI": {
            "N": "1"
          },
          "ts": {
            "N": "1658927610032"
          }
        },
        "SequenceNumber": "1700000000057880022656",
        "SizeBytes": 2004,
        "StreamViewType": "NEW_IMAGE"
      },
      "eventSourceARN": "arn:aws:dynamodb:us-east-1:159474638000:table/sensordata-table/stream/2022-07-27T12:22:00.070"
    }
  ]
}
